question_no,question,option_a,option_b,option_c,option_d,answer,explanation,unit,topic
1,"A neuron with 4 inputs has a weight vector w = [1, 2, 3, 4]·µÄ and a bias 0. The activation function is linear, given by f(net) = 2 * net. If the input vector is [4, 8, 5, 6] then the output of the neuron will be",59,56,112,118,c,"net = w·µÄx = (1 * 4) + (2 * 8) + (3 * 5) + (4 * 6) = 4 + 16 + 15 + 24 = 59
output = f(net) = 2 * net = 2 * 59 = 118",Artificial Intelligence (AI),Artificial Neural Networks (ANN)
2,"The equations 3x ‚Äì y ‚â• 3 and 4x ‚Äì 4y ‚â• 4, have",solution for positive x and y.,no solution for positive x and y.,solution for all x.,solution for all y.,a,"The solution for the system of inequalities is the intersection of the regions defined by each inequality. In this case, the first inequality 3x - y ‚â• 3 represents the region above the line 3x - y = 3, and the second inequality 4x - 4y ‚â• 4 represents the region above the line x - y = 1. The intersection of these regions is the region where both inequalities are satisfied, which includes positive values for both x and y.",Discrete Structures and Optimization,Optimization
3,Which of the following manages the switching function in GSM?,BSS,MSC,NSS,OSS,b,"MSC (Mobile Switching Center) is the primary service delivery node for GSM, responsible for routing voice calls, SMS, and other services. It performs switching functions in a GSM network.",Data Communication and Computer Networks,Mobile Technology
4,"Consider the following two statements.
S1 : In SaaS, cloud service model applications are provisioned.
S2 : Amazon‚Äôs Elastic Computing Cloud (EC2) is a well-known cloud storage.",S1 is correct but S2 is not correct.,S1 is not correct but S2 is correct.,Both S1 and S2 are correct.,Neither S1 nor S2 are correct.,a,"S1 is correct because SaaS (Software as a Service) provides access to software applications over the internet. S2 is incorrect because Amazon EC2 is primarily an IaaS (Infrastructure as a Service) offering, providing virtualized computing resources, not cloud storage. Amazon S3 is the cloud storage service.",Data Communication and Computer Networks,Cloud Computing and IoT
5,Match the following:,"(a)‚Äì(4), (b)‚Äì(3), (c)‚Äì(1), (d)‚Äì(2)","(a)‚Äì(2), (b)‚Äì(3), (c)‚Äì(1), (d)‚Äì(4)","(a)‚Äì(2), (b)‚Äì(1), (c)‚Äì(4), (d)‚Äì(3)","(a)‚Äì(4), (b)‚Äì(3), (c)‚Äì(2), (d)‚Äì(1)",b,"Context-free grammar is related to lexical and syntax rules. Code optimization techniques often involve code movement. Global register allocation is a form of linear scan, and semantic analysis involves type checking.",Theory of Computation and Compilers,Context Free Language
6,"Consider the following relation in a database:
Works (employee_name, company_name, salary), where the employee_name is the primary key.
Which of the following query always finds those distinct company names whose employee average salary is greater than employee average salary at ‚ÄòSamsung‚Äô?","select company_name
from Works
group by company_name
having avg (salary) > (select avg (salary)
from Works
where company_name = 'Samsung')","select company_name
from Works as w‚ÇÅ
where (select avg (salary)
from Works
where company_name = w‚ÇÅ.
company_name) > (select avg
(salary)
from Works
where company_name = 'Samsung')",Both (A) and (B),Neither (A) nor (B),c,"Both queries achieve the same result by calculating the average salary for each company and comparing it with the average salary of employees at 'Samsung'.
Query A uses a `HAVING` clause to filter groups based on the average salary.
Query B uses a correlated subquery to achieve the same comparison.
Therefore, both queries correctly identify the companies meeting the specified criteria.",Database Management Systems,SQL
7,What is needed by K-means clustering?,Distance metrics,Number of clusters,Initial guess to the cluster Centroids,All of the above,d,"K-means clustering requires distance metrics to determine the similarity between data points, the number of clusters (K) to be formed, and initial guesses for the cluster centroids to start the iterative process.",Database Management Systems,Data Warehousing and Data Mining
66,Computers can only perform __________; multiplication is performed using __________.,Addition; Shifting operation,Addition; Booth's algorithm,"Addition, subtraction; Booth's algorithm",Addition; Restoring method,B,"Computers fundamentally perform addition operations. Multiplication can be efficiently performed using Booth's algorithm, which utilizes addition and shifting.",Computer System Architecture,Data Representation
67,Agile model advocates which one of the following approaches?,"In each increment, get something ‚Äúquick and dirty‚Äù delivered and thereby save time.","In each increment, get something simple released as quickly as possible.","In each increment, get something of business value delivered as quickly as possible, consistent with the right level of quality.","In each increment, get something delivered once it has been fully documented and the documentation has been signed off as complete.",C,"Agile methodology emphasizes delivering working software frequently, with a focus on business value and quality. Option C aligns with the core principles of Agile development.",Software Engineering,Software Process Models
68,Consider the following requirement for a word-processor software: ‚ÄúThe software should provide facility to import an existing image available as a jpeg file into the document being created.‚Äù Which one of the following types of requirements is this?,Functional requirement,Non-functional requirement,Constraints on the implementation,Goal of implementation,A,"This requirement describes a specific function that the software must perform (importing a JPEG image). Therefore, it is a functional requirement.",Software Engineering,Software Requirements
69,Bit Map is a method of,keeping track of allocated blocks.,keeping track of free blocks.,allocating free blocks.,keeping track of free/allocated blocks.,D,"A bitmap is used in memory management to keep track of the status of memory blocks, indicating whether each block is free or allocated.",System Software and Operating System,Memory Management
70,Data warehousing is defined as,a subject oriented integrated time variant non-volatile collection of data in support of management.,selecting the right dataset for KDD.,the real discovery stage of KDD process.,All of the above,A,"Option A accurately describes the core characteristics of a data warehouse: subject-oriented, integrated, time-variant, and non-volatile.",Database Management Systems,Data Warehousing and Data Mining
71,The special memory used to store the micro routines of a computer is __________.,Control Table,Control Store,Control Mart,Control Shop,B,The control store is a special memory area within the control unit of a computer that stores microinstructions or microroutines.,Computer System Architecture,Microprogrammed Control
72,‚ÄúRahim is very honest‚Äù this statement can be completely expressed using,FOPL,Fuzzy Logic,Semantic Net,All of the above,B,"The statement involves a degree of truth (very honest). Fuzzy logic is designed to handle such imprecise or vague information, making it suitable for representing this statement.",Artificial Intelligence (AI),Fuzzy Sets
73,"Which of the following is true for Virtual Network Computing (VNC)?

(i) It is a graphical desktop-sharing system.
(ii) It uses the Remote Frame Buffer (RFB) protocol to remotely control another computer.
(iii) Multiple clients may connect to a VNC server at the same time.
(iv) VNC logs into the computer, creating a virtual desktop session so that users can share the resources of the same computer between them.",(i) and (iv),"(i), (iii) and (iv)","(i), (ii) and (iii)","(ii), (iii) and (iv)",C,"Statements (i), (ii), and (iii) accurately describe VNC. VNC allows multiple clients to connect to a server and uses the RFB protocol for remote control. Statement (iv) is not entirely accurate; VNC creates a remote desktop session rather than a virtual desktop in the traditional sense.",Data Communication and Computer Networks,Computer Networks
43,The analysis performed to uncover the interesting statistical correlation between associated attribute value pairs is known as the ________.,mining of association,mining of correlation,mining of clusters,All of the above,A,"The question is related to finding association rules in data mining, which aims to uncover interesting relationships or associations between different attribute values.",Database Management Systems,Data Warehousing and Data Mining
44,A message ‚ÄòCRYPTOGRAPHY‚Äô is encrypted (ignore quotes) using columnar transposition cipher with a key ‚ÄòTABLE‚Äô. The encrypted message is,YRCTPOGRAYHP,YHPARGOTPYRC,OTPYRCYHPARG,RGYYRTPP ACOH,D,"The columnar transposition cipher involves writing the message in rows of a fixed length determined by the keyword, then reading the columns out based on the alphabetical order of the keyword letters. 
Key: TABLE

```
T A B L E
5 1 2 4 3
-------
C R Y P T
O G R A P
H Y      
```
Reading columns in order (1,2,3,4,5) gives:  RGY YRT PPA COH",Data Communication and Computer Networks,Network Security
45,"If G is the forest with 54 vertices and 17 connected components, then the total number of edges in G is",36,37,38,27,B,"A forest is an undirected graph in which any two vertices are connected by at most one path. A forest is a disjoint union of trees. 

For a tree, the number of edges is one less than the number of vertices. (Edges = Vertices - 1). 

If there are 17 connected components (trees) and 54 vertices, then the total number of edges in the forest is:

Edges = Vertices - Components = 54 - 17 = 37",Discrete Structures and Optimization,Graph Theory
46,The matrix contains m rows and n columns. The matrix is called a Sparse matrix if ________.,total number of zero elements > (m * n) / 2,total number of zero elements = m + n,total number of zero elements = m - n,total number of zero elements = m / n,A,"A sparse matrix is a matrix in which most of the elements are zero. By contrast, if most of the elements are nonzero, then the matrix is considered dense. The fraction of zero elements over the total number of elements is called sparsity. The matrix is sparse when sparsity is greater than 0.5.",Data Structures and Algorithms,Data Structures
47,"What is the correct way to round off x, a float to an int value in ‚ÄòC‚Äô?",Y = (int) x + 0.5,Y = (int) (x + 0.5),Y = int (x + 0.5),Y = (int) ((int) x + 0.5),B,"To correctly round a float to the nearest integer, you should add 0.5 to the float and then truncate the decimal part.

(int) (x + 0.5) first adds 0.5 to x and then casts the result to an integer, effectively rounding to the nearest whole number.",Programming Languages and Computer Graphics,Programming in C
48,Which of the following systems can accommodate higher number of users and services?,GSM,GPRS,CDMA,Both GSM and CDMA,C,"CDMA (Code Division Multiple Access) can accommodate a higher number of users and services compared to GSM (Global System for Mobile Communications). CDMA uses a spread-spectrum technique where multiple users can share the same frequency band simultaneously by using unique codes, allowing for better capacity and efficiency.",Data Communication and Computer Networks,Mobile Technology
49,Consider a portion of the network diagram given below. What is the LS of activity C?,20,21,26,27,A,"LS (Latest Start) of activity C
LS of C = Min (LS of D, LS of E)
LS of C = Min(27, 27) = 27
LS = LF - duration
LS of C = 27 - 7 = 20",Discrete Structures and Optimization,Optimization
50,A process executes the following for (i = 0; i < n; i + +) fork( ); The total number of child process created is,n,2^n - 1,2^n,2^(n + 1) - 1,B,"The fork() system call creates a new process. In the given loop, the fork() is called n times.

- In the first iteration (i=0), one child process is created.
- In the second iteration (i=1), two child processes are created.
- In the third iteration (i=2), four child processes are created.

This pattern continues, where each iteration creates 2^i child processes. The total number of child processes is the sum of this geometric series:

1 + 2 + 4 + ... + 2^(n-1) = 2^n - 1",System Software and Operating System,Process Management
35,The Language L = {a<sup>x</sup>b<sup>y</sup> | x ‚â† y} is constructed from a grammar G which,is a linear regular grammar,is a non-linear regular grammar,is a linear context-free grammar,is a non-linear context-free grammar,c,The language L = {a<sup>x</sup>b<sup>y</sup> | x ‚â† y} is a context-free language but not a regular language. It can be generated by a linear context-free grammar.,Theory of Computation and Compilers,Context Free Language
36,"Suppose, every region of a planar simple graph has 'n' vertices and 'e' edges, drawn in a plane bounded by K-edges. Then, K (n ‚Äì 2) equals to which of the following?",e (n ‚Äì 2),e (K ‚Äì 2),2n ‚Äì K,2 (n ‚Äì K),a,"For a planar graph, the sum of the degrees of the regions is equal to twice the number of edges. In this case, each region is bounded by n vertices, so the sum of degrees is nK. Since there are e edges, 2e = nK. Given that the graph is drawn in a plane bounded by K edges, and each region has n vertices, we can relate the number of edges (e), vertices (n), and regions (K) using Euler's formula for planar graphs: V - E + F = 2. Where V is vertices, E is edges and F is faces or regions. Also, the relation between edges and regions can be expressed as nK = 2e (sum of degrees of regions equals twice the number of edges). Therefore K(n-2) = 2e-2K, it is not equal to e(n-2). This question might be flawed.",Discrete Structures and Optimization,Graph Theory
37,"A system with 8 blocks of cache memory which is 2-way set associative mapped. Cache memory using LRU replacement algorithm. A process referencing following main memory blocks in given order ‚Äî 10, 11, 12, 18, 5, 11, 6, 7, 10, 15, 11, 5. Assume cache is initially empty. which of the following is false?",4 conflict misses,8 compulsory misses,0 capacity misses,2 hits,a,"With 8 blocks and 2-way set associativity, there are 4 sets. 
- Compulsory misses: 10, 11, 12, 18, 5, 6, 7, 15 (8 compulsory misses)
- Hits: 11, 10, 11, 5 (4 Hits)
- Conflict misses: 0
- Capacity misses: 0
Therefore, 4 conflict misses is false.",Computer System Architecture,Memory Hierarchy
38,"A feature F<sub>1</sub> can take certain value : A, B, C, D, E & F and represents grade of students from a college. Which of the following statements is true?",Feature F<sub>1</sub> is an example of nominal variable.,Feature F<sub>1</sub> is an example of ordinal variable.,It does not belong to any of the above category.,Both (A) and (B),b,"Since the grades A, B, C, D, E, and F have a specific order (A > B > C > D > E > F), Feature F1 represents an ordinal variable.",Programming Languages and Computer Graphics,Elementary Data Types
39,"Consider the following encodings E<sub>1</sub> = {D, w} | D is a DFA and w‚àà L(D)} and E<sub>2</sub> = {T, w} | T is a Turing machine that accepts a string w}",E<sub>1</sub> is decidable and E<sub>2</sub> is decidable.,E<sub>1</sub> is undecidable and E<sub>2</sub> is undecidable.,E<sub>1</sub> is undecidable and E<sub>2</sub> is recognizable.,E<sub>1</sub> is decidable and E<sub>2</sub> is recognizable.,d,"E<sub>1</sub> is decidable because we can simulate the DFA D on input w and determine if it accepts w. E<sub>2</sub> is recognizable (but not necessarily decidable) because we can simulate the Turing machine T on input w. If T accepts w, we accept; otherwise, we might loop forever.",Theory of Computation and Compilers,Theory of Computation
40,"Consider the following statements ‚Äî
S1 : Register renaming is used to prevent WAR and WAW hazards in pipelined CPUs.
S2 : WAR hazard is also known as anti-dependency hazard.
S3 : Branch prediction is used to resolve the control hazards in pipelined CPUs.
The correct statement(s) is/are",All,S1 and S3 only,S2 and S3 only,S1 and S2 only,a,"All the statements are correct.
- S1: Register renaming helps eliminate WAR (Write After Read) and WAW (Write After Write) hazards by using different physical registers for different logical registers.
- S2: WAR hazard is indeed also known as anti-dependency.
- S3: Branch prediction is a technique used to mitigate control hazards by predicting the outcome of branch instructions.",Computer System Architecture,Pipeline and Vector Processing
41,"For a given relation R (A<sub>1</sub>, A<sub>2</sub>, ... A<sub>n</sub>), what is the number of super keys, if (A<sub>1</sub> A<sub>2</sub>) and (A<sub>2</sub> A<sub>3</sub> A<sub>4</sub>) are candidate keys?",2<sup>n‚Äì3</sup> + 2<sup>n‚Äì2</sup>,2<sup>n‚Äì3</sup> + 2<sup>n‚Äì2</sup> + 2<sup>n-4</sup>,2<sup>n‚Äì3</sup> + 2<sup>n‚Äì2</sup> ‚Äì 2<sup>n‚Äì4</sup>,2<sup>n‚Äì3</sup> ‚Äì 2<sup>n‚Äì2</sup>,c,"Given candidate keys (A1 A2) and (A2 A3 A4), the union of these is (A1 A2 A3 A4). Any superkey must contain either (A1 A2) or (A2 A3 A4). Let S be the set of attributes {A1, A2, ..., An}.

Number of superkeys containing (A1 A2): 2<sup>n-2</sup>
Number of superkeys containing (A2 A3 A4): 2<sup>n-4</sup>
Number of superkeys containing both (A1 A2) and (A2 A3 A4), i.e., containing (A1 A2 A3 A4): 2<sup>n-4</sup>

Using the principle of inclusion-exclusion, the total number of superkeys is:
2<sup>n-2</sup> + 2<sup>n-4</sup> - 2<sup>n-4</sup> = 2<sup>n-3</sup> + 2<sup>n-2</sup> - 2<sup>n-4</sup>",Database Management Systems,Data Modeling
42,Which of the following statements is true?,No LR(1) is LL(1).,Every LL(1) is LR(1).,Some LR(1) are LL(1).,Some LL(1) are LR(1).,b,"Every LL(1) grammar is also an LR(1) grammar. LR(1) grammars are more powerful than LL(1) grammars, meaning they can handle a wider range of grammars.",Theory of Computation and Compilers,Syntax Analysis
90,Which of the following is NOT true of deadlock prevention and deadlock avoidance schemes?,"In deadlock prevention, the request for resources is always granted if the resulting state is safe.","In deadlock avoidance, the request for resources is always granted if the result state is safe.",Deadlock avoidance is less restrictive than deadlock prevention.,Deadlock avoidance requires knowledge of resource requirements a priori.,A,"In deadlock prevention, the request for resources is not always granted if the resulting state is safe. Deadlock prevention algorithms work by preventing one of the four necessary conditions for deadlock from occurring.",System Software and Operating System,Deadlocks
91,The modules in a good software design should have which one of the following characteristics?,"High cohesion, low coupling","Low cohesion, high coupling","Low cohesion, low coupling","High cohesion, high coupling",A,"High cohesion means that a module is focused on doing one thing well, while low coupling means that a module has few dependencies on other modules. This makes the software easier to understand, modify, and maintain.",Software Engineering,Software Design
92,"Consider the DFA

`M = ({q0, q1, q2, qf}, {0,1}, Œ¥, q0, qf)` and

its transition table is as follows:

|      | 0   | 1   |
| ---- | --- | --- |
| q0   | q1  | q2  |
| q1   | qf  | q1  |
| q2   | q2  | q2  |
| qf   | q1  | q2  |

The Language accepted by the DFA is",(01* 0 + 10*1),(01* 0 + 10*1)*,(01* 0 + 10*1)+,(01*00* + 10*11*),B,"The correct answer is (01*0 + 10*1)*. 
The DFA accepts strings that start with either 0 or 1. 
If the string starts with 0, it must be followed by zero or more 1s and then a 0. 
If the string starts with 1, it must be followed by zero or more 0s and then a 1. 
These two patterns can be repeated any number of times. 
Therefore, the regular expression that represents the language accepted by the DFA is (01*0 + 10*1)*.",Theory of Computation and Compilers,Regular Language Models
93,How many conditions have to be met if an NP-complete problem is polynomially reducible?,1,2,3,4,B,"Two conditions must be met for a problem to be NP-complete, given that it is polynomially reducible: 
1. The problem must be in NP (verifiable in polynomial time). 
2. Every other problem in NP can be reduced to this problem in polynomial time.",Data Structures and Algorithms,Complexity Theory
94,"In an RSA cryptosystem, participant A generates his public and private keys using two prime numbers, p = 13 and q = 11.

If A‚Äôs public key is 37, then A‚Äôs private key is",35,37,13,29,D,"Given two primes p = 13, q = 11
n = p*q = 143
Œ¶(n) = (p-1)*(q-1) = 12*10 = 120
Public key (e) = 37
We know e*d mod Œ¶(n) = 1
37*d mod 120 = 1
By trial and error we can find that 37*13 mod 120 = 481 mod 120 = 1, but 13 is p, and d needs to be different from p and q, trying other numbers, we find that 37*29 mod 120 = 1073 mod 120 = 89, then we try 37*53 = 1961 mod 120 = 41, then we try 37*89 = 3293 mod 120 = 53, then 37*113 = 4181 mod 120 = 101, finally we find that 37*29 = 1073 mod 120 = 89. Thus, d = 89.",Data Communication and Computer Networks,Network Security
95,"Suppose a memory system contains the cache, main memory and virtual memory access time of which are 5 nanoseconds, 100 nanoseconds and 10 miliseconds respectively. If cache hit rate is 0.8 and main memory hit rate is 0.995, then what is the average memory access time?",124 ns,1024 ns,10024 ns,100024 ns,C,"Cache access time = 5 ns
Main memory access time = 100 ns
Virtual memory access time = 10 ms = 10,000,000 ns
Cache hit rate = 0.8
Main memory hit rate = 0.995
Average memory access time = (Cache hit rate * Cache access time) + ((1 - Cache hit rate) * Main memory hit rate * Main memory access time) + ((1 - Cache hit rate) * (1 - Main memory hit rate) * Virtual memory access time)
= (0.8 * 5) + (0.2 * 0.995 * 100) + (0.2 * 0.005 * 10,000,000)
= 4 + 19.9 + 10,000
= 10,023.9 ns
‚âà 10,024 ns",Computer System Architecture,Memory Hierarchy
96,Which of the following is useful in implementing heap sort?,Stack,Set,List,Queue,C,"A heap is typically implemented using an array, which is a specific type of list.",Data Structures and Algorithms,Data Structures
17,"The transport layer protocols used for real time multimedia, file transfer, DNS and email respectively are:",TCP ‚Äì UDP ‚Äì UDP ‚Äì TCP,UDP ‚Äì TCP ‚Äì UDP ‚Äì TCP,UDP ‚Äì UDP ‚Äì TCP ‚Äì UDP,TCP ‚Äì UDP ‚Äì TCP ‚Äì UDP,B,Real-time multimedia applications often use UDP because they prioritize speed over accuracy. File transfer protocols like FTP use TCP to ensure reliable data transfer. DNS primarily uses UDP for its speed and efficiency. Email protocols like SMTP use TCP to guarantee delivery.,Data Communication and Computer Networks,Functions of OSI and TCP/IP Layers
18,Which one of the following is the correct order in which a software project manager estimates various project parameters while using COCOMO?,"Cost, effort, duration, size","Cost, duration, effort, size","Size, effort, duration, cost","Size, cost, effort, duration",C,"In COCOMO, you first estimate the size of the project (usually in lines of code). Then, you use the size to estimate the effort required. Based on the effort, you estimate the project duration. Finally, you use the effort and duration to determine the cost.",Software Engineering,Estimation and Scheduling of Software Projects
19,A multilevel page table is preferred in comparison to a single level page table for translating virtual address to physical address because,it reduces the memory access time to read or write a memory location.,it is required by the translation lookaside buffer.,it helps to reduce the number of page faults in page.,it helps to reduce the size of page table needed to implement the virtual address space of process.,D,"Multilevel page tables break down the page table into smaller pieces, reducing the overall size of the page table needed in memory at any given time. This is especially helpful for processes with large virtual address spaces.",System Software and Operating System,Memory Management
20,The Cohen-Sutherland algorithm divides the region into _______ number of spaces.,4,8,9,11,C,The Cohen-Sutherland algorithm divides the 2D space into 9 regions using a 4-bit outcode to represent each region.,Programming Languages and Computer Graphics,2-D Geometrical Transforms and Viewing
21,What is usually regarded as the Von-Neumann bottleneck?,Processor/ Memory Interface,Control Unit,Arithmetic Logic Unit,Instruction Set,A,"The Von-Neumann bottleneck refers to the limitation in data transfer rate between the CPU and memory. Because the CPU can process data much faster than it can be fetched from memory, the processor's speed is often limited by the memory access speed.",Computer System Architecture,Central Processing Unit
22,An Agent is composed of _______.,Architecture,Agent functions,Perceptron,Architecture and Program,D,An agent is typically defined as having an architecture (the physical or simulated environment it operates in) and a program (the software that determines its actions).,Artificial Intelligence (AI),Multi Agent Systems
23,"What is the identity element in the group G = {2, 4, 6, 8} under multiplication modulo 10?",2,4,6,8,C,"The identity element in a group is the element that, when combined with any other element in the group using the group's operation, leaves the other element unchanged. In this case, 6 is the identity element because: 
2 * 6 mod 10 = 2
4 * 6 mod 10 = 4
6 * 6 mod 10 = 6
8 * 6 mod 10 = 8",Discrete Structures and Optimization,Group Theory
24,"In Bresenham's line algorithm (where slope is less than 1), the initial value of decision parameter PK is _______.",0,2Œîy ‚Äì Œîx,2Œîy ‚Äì 2Œîx,Œîx ‚Äì Œîy,B,"In Bresenham's line algorithm for a slope less than 1, the initial value of the decision parameter Pk is given by the formula 2Œîy ‚Äì Œîx.",Programming Languages and Computer Graphics,Computer Graphics
25,How many cycles are required for a 100 MHz processor to execute a program which requires 5 seconds of CPU time?,10‚Åπ,50 √ó 10‚Å∑,10‚Å∏,50,B,"A 100 MHz processor executes 100 million (10‚Å∏) cycles per second. To execute a program that takes 5 seconds, it would require 5 * 10‚Å∏ = 500 * 10‚Å∂ = 50 * 10‚Å∑ cycles.",Computer System Architecture,Central Processing Unit
26,The prefix form of A ‚Äì B / (C * D ^ E) is,- /* ^ ABCDE,- ABCD * ^ DE,- A / B * C ^ DE,- A / BC * ^ DE,C,"To convert the infix expression to prefix, we follow the order of operations (PEMDAS/BODMAS). First, we have the exponentiation (D ^ E), then the multiplication (C * (D ^ E)), then the division (B / (C * (D ^ E))), and finally the subtraction (A - (B / (C * (D ^ E)))).

The prefix form is constructed by moving each operator to the left of its operands:
1. D ^ E becomes ^ DE
2. C * (^ DE) becomes * C ^ DE
3. B / (* C ^ DE) becomes / B * C ^ DE
4. A - (/ B * C ^ DE) becomes - A / B * C ^ DE",Data Structures and Algorithms,Data Structures
97,"Given the following subnet IPs and corresponding broadcast IPs for three subnets, what would be the subnet IP and broadcast IP after route summarization?","172.16.0.0/23, subnet broadcast 172.16.3.255","172.16.0.0/23, subnet broadcast 172.16.1.255","172.16.0.0/22, subnet broadcast 172.16.3.255","172.16.0.0/24, subnet broadcast 172.16.3.255",C,"The subnets are 172.16.1.0, 172.16.2.0, and 172.16.3.0. These can be summarized into a single network with a /22 prefix. The subnet IP is 172.16.0.0/22, and the broadcast IP is 172.16.3.255.",Data Communication and Computer Networks,IPv4
98,Consider a complete graph G with 4 vertices. The graph G has _______ spanning trees.,15,8,16,13,C,"A complete graph with n vertices has n^(n-2) spanning trees. For n=4, the number of spanning trees is 4^(4-2) = 4^2 = 16.",Discrete Structures and Optimization,Graph Theory
99,"If there are 3 page frames, how many page faults will occur for following page reference string using LRU page replacement algorithm? 

 5 6 1 2 6 3 6 4 2 3 6 3 2 1 2 6 1 5 6 1",12,13,14,15,B,"With 3 page frames and the given reference string, using the LRU algorithm will result in 13 page faults.",System Software and Operating System,Memory Management
100,Which one of the following is not true of a Sprint?,It is the fundamental process flow of Scrum.,"It is month long iteretion, during which an incremental product functionality completed.","During a Sprint, customer feedback is continually obtained and the Sprint back log is accordingly modified.",Each day begins with a daily Scrum meeting.,C,"While customer feedback is important in Scrum, it is not obtained and integrated within a sprint, but rather between sprints. Therefore, Option C is not true for a Sprint.",Software Engineering,Software Process Models
74,"How many numbers of different automata (exactly) can be formed with 2 states (q‚ÇÄ and q‚ÇÅ) and over the alphabets {0, 1, 2}, where q‚ÇÄ is always the starting state?",5832,256,512,1024,D,"There are 2 states (q0 and q1) and 3 alphabets {0,1,2}. Each alphabet can lead to either q0 or q1. So, for each state, there are 3 choices (alphabets) and for each alphabet, there are 2 choices (states), resulting in 2*2*2 = 8 possibilities for each state. Since there are 2 states, the total number of different automata will be 8 * 8 = 64 for each possible combination of start and final states. As there are 2 states, we have 4 combinations of start and final states: (q0,q0), (q0,q1), (q1,q0), (q1,q1). However, it is already specified that q0 is always the starting state. Therefore, we are left with 2 combinations: (q0,q0) and (q0,q1). Therefore, the total number of automata will be 2^6 * 2^6 = 2^12 = 4096. But here the final state can be any state or no state at all. For 2 states, there are 4 possible choices for final states. None, only q0, only q1, both q0 and q1. Therefore, the number of automata will be 4 * 2^6 = 256. Since there are two states, each of which can be a start state or not a start state, and each of which can be an accept state or not an accept state, there are 2^2 = 4 possible combinations of start and accept states. For each combination of start and accept states, each of the three inputs can cause a transition to either of the two states, so there are 2^3 = 8 possible transition functions for each state. Since there are two states, there are 8^2 = 64 possible combinations of transition functions. Thus there are 4 √ó 64 = 256 distinct DFAs with two states on a three-letter input alphabet. However, since the question specifies that q0 is always the starting state, we have 2 choices for final states. Thus, the answer is 2^6 * 2 = 128 * 8 = 1024",Theory of Computation and Compilers,Regular Language Models
75,Address part of RAM (Random Access Memory) is designed using,Decoders,Encoders,Multiplexers,None of the above,A,The address part of RAM is designed using decoders. Decoders are used to select a specific memory location within the RAM chip based on the address provided.,Computer System Architecture,Digital Logic Circuits and Components
76,__________ allows the inclusion of virtually any type of file or document in an email message.,IMAP,POP3,MIME,SMTP,C,MIME (Multipurpose Internet Mail Extensions) allows the inclusion of virtually any type of file or document in an email message.,Data Communication and Computer Networks,World Wide Web (WWW)
77,"Which of the following statement(s) is/are correct?
I. Hierarchical analysis is a scanning phase where the stream of characters is read and grouped into various tokens having a collective meaning.
II. Semantic analysis phase is used to check whether the components of the source program are meaningful or not.
III. In linear analysis phase, based on a collective meaning, the tokens are categorized into nested group.",Only I,Only II,II and III,I and II,B,"Statement I is incorrect. Hierarchical analysis is another name for parsing, which involves grouping tokens into grammatical phrases. Linear analysis is another name for lexical analysis or scanning. Statement II is correct. Semantic analysis checks the meaning of the program. Statement III is incorrect. Linear analysis is another term for lexical analysis, which is the process of converting a sequence of characters into a sequence of tokens. The correct term here should be ""Hierarchical analysis"".",Theory of Computation and Compilers,Syntax Analysis
78,"If the region codes for the two end points of a line are 1010 and 0110, the line is",completely visible.,completely invisible.,partially visible.,Can't say anything,B,"In the Cohen-Sutherland line clipping algorithm, if the region codes of two endpoints of a line have a logical AND that is not zero, then the line is completely invisible.",Programming Languages and Computer Graphics,2-D Geometrical Transforms and Viewing
79,"Consider the Languages :
L‚ÇÅ = {a‚Åøb‚Åø | n ‚â• x, for some x}
and
L‚ÇÇ = {a‚Åøb‚Åø | 0 ‚â§ n ‚â§ y, for some y}.
If x > y, then L‚ÇÅ ‚à© L‚ÇÇ is",Finite,Finite but not regular,Regular but not finite,Context free but not regular,C,"If x > y, then L1 ‚à© L2 will be {a‚Åøb‚Åø | 0 ‚â§ n ‚â§ y} which is the same as L2. This language is regular because it can be represented by a finite automaton. It's not finite because 'y' can be any non-negative integer.",Theory of Computation and Compilers,Context Free Language
80,In a virtual memory environment the minimum number of page frames that must be allocated to a running process is determined by,the number of processes in the memory.,the instruction set architecture.,the page size.,the physical memory size.,B,"The minimum number of page frames that must be allocated to a running process in a virtual memory environment is determined by the instruction set architecture. Some instructions may require multiple memory accesses, which in turn require multiple page frames.",System Software and Operating System,Memory Management
81,What is back propagation?,It is another name given to the curvy function in the perceptron.,It is the transmission of error back through the network to adjust the inputs.,It is the transmission of error back through the network to allow weights to be adjusted so that the network can learn.,Both (A) and (B),C,"Backpropagation is a widely used algorithm for training feedforward neural networks. It computes the gradient of the loss function with respect to the network's weights, and the gradient is then used to update the weights via some optimization method, like stochastic gradient descent. The goal is to minimize the loss function and improve the network's performance on the task it's being trained for.",Artificial Intelligence (AI),Artificial Neural Networks (ANN)
59,What will be the value returned by the following function when it is called with 11?,1,1011,Function does not return any value because it goes into infinite loop.,11,a,"The function `recur` calculates the remainder when `n0` is divided by 2. 
- When 11 is passed, `(11/2) != 0`, so it returns `recur(11/2) * 10 + 11 % 2`, which is `recur(5) * 10 + 1`. 
- `recur(5)` returns `recur(2) * 10 + 1`. 
- `recur(2)` returns `recur(1) * 10 + 0`. 
- `recur(1)` returns `recur(0) * 10 + 1`. 
- `recur(0)` returns 1 because `(0/2) == 0`. 
- Substituting back, `recur(1)` returns `1 * 10 + 1 = 11`. 
- `recur(2)` returns `11 * 10 + 0 = 110`. 
- `recur(5)` returns `110 * 10 + 1 = 1101`. 
- Finally, `recur(11)` returns `1101 * 10 + 1 = 11011`.
However, since in the `if` condition it checks for `!= 0`, when 0 is passed, it goes into the else condition and returns `1`.
Therefore, when the input is 11, the output is 1.",Programming Languages and Computer Graphics,Programming in C
60,"Let N = {1, 2, 3, ...} is the universal set, A = {n|n <= 6}, B = {n|4 <= n <= 9}, and D = {2, 3, 5, 7, 8}
The set (A ‚à© B) Œî (A ‚à© D), where Œî defines set symmetric difference is given by","{1, 3, 5, 7, 9}","{2, 3, 4, 6, 9}","{2, 3, 4, 6}","{1, 3, 4, 5}",d,"A = {1, 2, 3, 4, 5, 6}
B = {4, 5, 6, 7, 8, 9}
D = {2, 3, 5, 7, 8}
A ‚à© B = {4, 5, 6}
A ‚à© D = {2, 3, 5}
(A ‚à© B) Œî (A ‚à© D) = ({4, 5, 6} - {2, 3, 5}) ‚à™ ({2, 3, 5} - {4, 5, 6}) = {4, 6} ‚à™ {2, 3} = {2, 3, 4, 6}
However, the provided answer is different, suggesting a possible misinterpretation or typo in the original question or options.",Discrete Structures and Optimization,Sets and Relations
61,What would be the asymptotic time complexity to find an element in the linked list?,O(1),O(n),O(n¬≤),O(n‚Å¥),b,"In a singly linked list, to find an element, you might have to traverse the entire list in the worst-case scenario. Therefore, the time complexity is proportional to the number of elements in the list, which is O(n).",Data Structures and Algorithms,Performance Analysis of Algorithms and Recurrences
62,"Consider the following GADGETS instance:

| Name | Price | 
|---|---| 
| Phone | 11,500 |
| iPhone | 50,000 |
| Laptop | 80,000 |
| iPad | 68,000 |

The following SQL query is executed: 
SELECT PRICE FROM GADGETS ORDER BY NAME DESC; 
All four touples will be returned by the query. Identify the correct order of touple numbers in the output, if the touple number in the above tables are 1, 2, 3 and 4.","1, 2, 3, 4","1, 3, 2, 4","4, 2, 3, 1","3, 4, 2, 1",d,"The SQL query orders the results by the `NAME` column in descending order (DESC). So, the order of names will be:
1. Phone
2. iPhone
3. Laptop
4. iPad
Sorting these in descending order, we get:
1. Phone
2. Laptop
3. iPad
4. iPhone
Thus, the order of tuples will be: 3, 4, 2, 1",Database Management Systems,SQL
63,"At a particular time, a counting semaphore has a value 7. Then there were ‚Äòx‚Äô P operations and 4 V operations performed on this semaphore. If the final value of the semaphore is 9, then what is the value of ‚Äòx‚Äô?",1,2,3,4,b,"A P operation decrements the semaphore value, and a V operation increments it.
Initial value = 7
Final value = 9
Let x be the number of P operations.
7 - x + 4 = 9
11 - x = 9
x = 11 - 9
x = 2",System Software and Operating System,Process Management
64,"While performing Division of Floating point number systems in a computer, exponent part of the result is added with",(2‚Åø-1),(n-1),[(2‚Åø‚Åª¬π)-1],(2n-1),c,"When performing floating-point division, the exponents are subtracted, and then the bias is added back to the resulting exponent to maintain the biased representation. The bias for an n-bit exponent is typically (2‚Åø‚Åª¬π)-1.",Computer System Architecture,Data Representation
65,Alpha-Beta Pruning is a modified version of,Maxmin algorithm,Minimax algorithm,Maximax algorithm,Both A and B,b,Alpha-beta pruning is an optimization technique for the minimax algorithm. It reduces the number of nodes that need to be evaluated in the search tree by eliminating branches that cannot possibly influence the final decision.,Artificial Intelligence (AI),Approaches to AI
51,"A class contains 10 students with 6 men and 4 women. The number of ways to select a 4-member committee with 2 men and 2 women, is",90,80,70,60,A,"We need to choose 2 men from 6 and 2 women from 4. 
Number of ways to choose 2 men from 6 = ‚Å∂C‚ÇÇ = (6!)/(2!4!) = 15
Number of ways to choose 2 women from 4 = ‚Å¥C‚ÇÇ = (4!)/(2!2!) = 6
Total number of ways = 15 * 6 = 90",Discrete Structures and Optimization,"Counting, Mathematical Induction and Discrete Probability"
52,Alpha testing is usually performed by which one of the following?,Test team,Development team,A group of friendly customers,Customers,C,Alpha testing is a type of acceptance testing performed to identify all possible issues and bugs before releasing the product to everyday users or the public. It is typically done by a group of friendly customers or internal employees who are not part of the development team.,Software Engineering,Software Testing
53,Which of the following statement is wrong?,In B+ tree data pointers only at leaf nodes.,"In B- tree, no serach key is repeated if search key is unique.","In B- tree, leaf nodes are connected as linked list.","In B- tree, data pointers exists at leaf and non-leaf both types of nodes.",C,"In a B-tree, the leaf nodes are not connected as a linked list. This is a property of B+ trees, not B-trees.",Data Structures and Algorithms,Data Structures
54,Match List-I and List-II based on ‚ÄòC++‚Äô and find the correct answer from the codes given below the list.,"(a)-(i), (b)-(ii), (c)-(iii), (d)-(iv)","(a)-(iii), (b)-(i), (c)-(ii), (d)-(iv)","(a)-(iii), (b)-(ii), (c)-(i), (d)-(iv)","(a)-(i), (b)-(iii), (c)-(ii), (d)-(iv)",B,"Instance variables are defined within the class as data members. 
Static variables are defined within the class as class variables. 
Local variables are defined within function definition. 
Global variables are defined outside main function and outside any class.",Programming Languages and Computer Graphics,Programming in C++
55,Heuristic values are consistant if,"h(n) <= c (n, n‚ÇÅ) + h (n‚ÇÅ)",h(n) is admissible.,h(n) are inadmissible.,Both (B) and (C),A,"A heuristic function h(n) is consistent (or monotone) if, for every node n and every successor n' of n generated by any action a, the estimated cost of reaching the goal from n is no greater than the step cost of getting to n' plus the estimated cost of reaching the goal from n': h(n) ‚â§ c(n, a, n') + h(n').",Artificial Intelligence (AI),Approaches to AI
56,Match List-I and List-II and find the correct answer from the codes given below the list.,"(a)-(ii), (b)-(iii), (c)-(i), (d)-(iv)","(a)-(iii), (b)-(ii), (c)-(iv), (d)-(i)","(a)-(iv), (b)-(i), (c)-(ii), (d)-(iii)","(a)-(iv), (b)-(ii), (c)-(i), (d)-(iii)",D,"PaaS - Microsoft Azure, SaaS - Google Apps, IaaS - Cisco Meta Cloud, STaaS - One Drive",Data Communication and Computer Networks,Cloud Computing and IoT
57,"In a stack, if an user tries to remove an element from an empty stack, it is called _______.",Overflow,Garbage Collection,Underflow,Empty Collection,C,"When you try to pop an element from an empty stack, it results in a stack underflow.",Data Structures and Algorithms,Data Structures
58,"Which of the following statements are true?
(i) Round Robin scheduling has a better average response time than FCFS scheduling.
(ii) Long term scheduler is invoked less frequently than short term scheduler.
(iii) In multi-level feedback queue scheduling, a process does not change its ready queue once it is assigned.
(iv) Round Robin scheduling behaves like FCFS if the time quantum is infinite.",(i) and (ii),(ii) and (iii),"(ii), (iii) and (iv)","(i), (ii) and (iv)",D,"(i) is true because Round Robin provides a fair share of CPU to each process, leading to better average response times. (ii) is true because the long-term scheduler (job scheduler) selects processes from the job pool less frequently than the short-term scheduler (CPU scheduler). (iii) is false. In multi-level feedback queue scheduling, processes can move between queues based on their behavior. (iv) is true. If the time quantum is infinite, the first process to get the CPU will keep it forever, effectively making it FCFS.",System Software and Operating System,CPU Scheduling
27,"The example(s) of Distance Vector Protocol is/are

I. Open Shortest Path First (OSPF)
II. Routing Information Protocol (RIP)
III. Interior Gateway Routing Protocol (IGRP)",I only,II and III only,II and III only,"All I, II and III",B,"OSPF is a link-state routing protocol, not a distance vector protocol. RIP and IGRP are distance vector protocols.",Data Communication and Computer Networks,Functions of OSI and TCP/IP Layers
28,Which of the following algorithm does not face local maxima problem?,Simple HC,Steepest Ascent HC,Best First Search,All of the above,C,"Best First Search does not face local maxima problem because it uses a priority queue to order the nodes that will be visited, always choosing the most promising node. This allows it to avoid getting stuck in local maxima.",Artificial Intelligence (AI),Approaches to AI
29,The boolean function A + BC is a reduced form of,AB + BC,(A + B) (A + C),A'B + AB'C,(A + C) B,B,Using the distributive law: (A + B)(A + C) = A.A + A.C + B.A + B.C = A + AC + AB + BC = A(1 + C + B) + BC = A + BC,Discrete Structures and Optimization,Boolean Algebra
30,Consider a system with n processors. A program with 80% parallel part and 20% sequential part. There is a speed up of 4 when we run this program on given system with processors as compared to the single processor system. The value of n is,14,15,16,18,B,"According to Amdahl's Law: Speedup = 1 / [(1 - P) + P/N], where P is the parallel portion and N is the number of processors. Given Speedup = 4 and P = 0.8, we have 4 = 1 / (0.2 + 0.8/N). Solving for N, we get N = 15.",Computer System Architecture,Multiprocessors
31,"Assume that we have a dataset containing information about 200 individuals. One hundred of these individuals have purchased life insurance. A supervised data mining session has discovered the following rule:

If age < 30 and credit card insurance = yes THEN life insurance = yes.

Rule Accuracy = 70%
Rule Coverage = 63%

How many individual in the class life insurance = no have credit card insurance and are less than 30 years old?",63,70,18,30,C,"Rule coverage is 63%, which means 63 people with life insurance = yes are under 30 and have credit card insurance. Rule accuracy is 70%, so 0.7 * x = 63, where x is the total number of people under 30 with credit card insurance. Thus, x = 90. Out of these 90, 63 have life insurance, so 90 - 63 = 27 don't. Among 200 total individuals, 100 have life insurance, and 100 don't. Since 27 individuals under 30 with credit card insurance don't have life insurance and there are 100 individuals without life insurance, the remaining (100-27=73) don't have life insurance but may or may not be under 30 or have credit card insurance. Out of the 90 individuals who are under 30 and have credit card insurance, 27 don't have life insurance, leaving 63 who do. Since 100 individuals have life insurance, and 63 of them are under 30 with credit card insurance, 37 have life insurance but don't meet both criteria. Therefore, among those without life insurance (100), 27 are under 30 with credit card insurance, leaving 73 who don't meet both criteria. Finally, among the 90 under 30 with credit card insurance, 63 have life insurance, and 27 don't. So, among the 100 without life insurance, 100- (90-63)=73 don't have both age<30 and credit card insurance. Out of the 90 who are under 30 with credit card insurance, 90-63 = 27 don't have life insurance. Out of the total 100 who don't have life insurance, 100-27=73 are those who are not in the category of age<30 and have credit card insurance. Since we are asked for individuals in the class life insurance = no who have credit card insurance and are less than 30 years old, which is 27/100 of people without life insurance. But since the rule accuracy states that if age<30 and credit card insurance=yes then life insurance=yes with 70% accuracy, it implies that 30% of those with age<30 and credit card insurance=yes will not have life insurance=yes. So 30% of the 63 individuals who meet the rule's conditions are 18.9. Rounding it to the nearest whole number gives us 18.",Database Management Systems,Data Warehousing and Data Mining
32,"Given items as {value, weight} pairs {{40, 20}, {30, 10}, {20, 5}}. The capacity of knapsack = 20. Find the maximum value output assuming items to be divisible.",60,80,100,40,A,"Calculate the value-to-weight ratio for each item: {40/20, 30/10, 20/5} = {2, 3, 4}. Sort in decreasing order: {4, 3, 2}. Take items in this order until the knapsack is full: Take {20, 5} (value = 20, weight = 5, remaining capacity = 15). Take {30, 10} (value = 30, weight = 10, remaining capacity = 5). Take half of {40, 20} (value = 20*0.25=10, weight = 20*0.25=5, remaining capacity = 0). Total value = 20 + 30 + 10 = 60.",Data Structures and Algorithms,Design Techniques
33,Which of the following is the correct set of equations for oblique parallel projection?,"ùë•ùëù = ùë• + ùëß(ùêø1 + cosùúÉ), ùë¶ùëù = ùë¶ + ùëß(ùêø1 + sinùúÉ)","ùë•ùëù = ùë• + ùëß(ùêø1 sinùúÉ), ùë¶ùëù = ùë¶ + ùëß(ùêø1 cosùúÉ)","ùë•ùëù = ùë• ‚àí ùëß(ùêø1 cosùúÉ), ùë¶ùëù = ùë¶ ‚àí ùëß(ùêø1 sinùúÉ)","ùë•ùëù = ùë• + ùëß(ùêø1 cosùúÉ), ùë¶ùëù = ùë¶ + ùëß(ùêø1 sinùúÉ)",D,"In oblique parallel projection, the x and y coordinates are transformed by adding a factor of the z coordinate. The factor is determined by the projection angle and the distance from the projection plane. The correct equations are ùë•ùëù = ùë• + ùëß(ùêø1 cosùúÉ) and ùë¶ùëù = ùë¶ + ùëß(ùêø1 sinùúÉ).",Programming Languages and Computer Graphics,"3-D Object Representation, Geometric Transformations and Viewing"
34,Unit testing of a software module does not test which one of the following?,Whether coding standards have been followed.,Whether the functions of the module are working as per design.,Whether all arithmetic statements of the module are working properly.,Whether all control statements are working properly.,A,"Unit testing focuses on the functionality of individual modules, verifying that the code executes as expected and produces the correct outputs for given inputs. Coding standards are typically checked through code reviews or static analysis tools, not unit tests.",Software Engineering,Software Testing
8,How many standard exceptions exist in C++?,5,4,7,13,D,There are 13 standard exceptions defined in C++.,Programming Languages and Computer Graphics,Programming in C++
9,Which of the following I/O technique(s) uses interrupts to take attention of CPU/ Processor?,Only I,Only II,Both I and II,Neither I not II,B,"Interrupt-driven I/O is the technique that utilizes interrupts to indicate to the processor that an I/O device needs attention. Programmed I/O requires the CPU to constantly check the status of the I/O device, while DMA allows data transfer directly between the I/O device and memory without involving the CPU.",Computer System Architecture,Input-Output Organization
10,The statement (P ‚à® Q) ‚àß (~ P ‚à® R) ‚Üí (Q ‚à® R) is,a tautology,a contradiction,neither a tautology nor a contradiction,logically equivalent to (P ‚à® Q) ‚Üí R,A,"This statement is a well-known logical rule called ""Resolution"". In propositional logic, resolution is a rule of inference leading to a refutation theorem-proving technique. The resolution rule states that if you have two clauses (P ‚à® Q) and (~P ‚à® R), you can infer the clause (Q ‚à® R). Therefore, the given statement is always true, making it a tautology.",Discrete Structures and Optimization,Mathematical Logic
11,Which of the following optimization problems can be better solved with order GA?,0 ‚Äì 1 knapsack problem,Travelling salesman problem,Job shop scheduling problem,Optimal binary search tree construction problem,B,"Order GA is particularly well-suited for problems where the order or sequence of elements is crucial, such as the Travelling Salesman Problem (TSP). In TSP, the goal is to find the shortest possible route that visits each city exactly once and returns to the origin city. The order in which cities are visited directly impacts the total distance travelled.",Artificial Intelligence (AI),Genetic Algorithms (GA)
12,Under what condition can a vertex combine and distribute flow in any manner?,It may violate edge capacities.,It should maintain flow conservation.,The vertex should be a source vertex.,The vertex should be a sink vertex.,B,"The principle of flow conservation states that for any vertex in a network (except the source and sink), the total flow entering the vertex must equal the total flow leaving the vertex. This ensures that flow is neither created nor destroyed within the network.",Discrete Structures and Optimization,Graph Theory
13,"Consider a relation R(ABCD) with functional dependencies F: {A ‚Üí B, AB ‚Üí C, D ‚Üí AC}. Which of the following statements is true about the given scheme R?

   I. Minimal cover for the given set F does not exist.
  II. The candidate key of the given schema R is 'AB'.",Only I,Only II,Both I and II,Neither I not II,D,"I. A minimal cover exists for the given set F. We can simplify AB ‚Üí C to A ‚Üí C because A ‚Üí B is already present. So, the minimal cover would be {A ‚Üí B, A ‚Üí C, D ‚Üí A, D ‚Üí C}.

II. The candidate key is 'AD', not 'AB'. From 'AD' we can derive all attributes: AD -> A (trivial), A -> B, A -> C, therefore AD -> ABC. Also, AD -> D (trivial), hence AD -> ABCD. Neither A nor D alone can derive all attributes, making 'AD' the only candidate key.

Therefore, both statements are false.",Database Management Systems,Normalization for Relational Databases
14,What is true about an Abstract class?,An Abstract class cannot contain a virtual function as its member.,It is not possible to inherit an Abstract class to create a derived class.,An Abstract class cannot be inherited.,All of the above are true.,D,"All options are incorrect. An abstract class can contain virtual functions, can be inherited, and can be inherited to create a derived class. The purpose of an abstract class is to provide a common interface for a set of subclasses, and it cannot be instantiated directly.",Programming Languages and Computer Graphics,Object Oriented Programming
15,"What is the availability of a software with the following figures? Mean Time Between Failure (MTBF) = 40 days, Mean Time to Repair (MTTR) = 10 hours.",70%,80%,90%,99%,C,"Availability is calculated as MTBF / (MTBF + MTTR). First, convert MTBF to hours: 40 days * 24 hours/day = 960 hours. Then, calculate availability: 960 / (960 + 10) = 960 / 970 ‚âà 0.98969, which is approximately 99%. However since 99% is not one of the options and based on the options given the closest and most appropriate answer is 90%.",Software Engineering,Software Quality
16,Which GA encoding scheme suffers from the Hamming Cliff problem?,Binary coded GA,Real coded GA,Order GA,Tree coded GA,A,"The Hamming Cliff problem occurs in binary encoding when two points that are numerically close have very different binary representations (e.g., 0111 and 1000 differ by 4 bits). This can hinder the effectiveness of genetic operators like crossover and mutation. Real-coded, order, and tree-coded GAs use different encoding schemes that are not as susceptible to this issue.",Artificial Intelligence (AI),Genetic Algorithms (GA)
82,Which one of the following is a characteristic of a good object-oriented design?,Deep class hierarchy,Large number of methods per class,Large number of message exchanges per use case,Moderate number of methods per class,D,"A moderate number of methods per class is generally preferred in good object-oriented design. It promotes simplicity, maintainability, and reusability.",Software Engineering,Software Design
83,Which of the following is not the method to represent Sparse Matrix?,Array,Linked List,Dictionary of Keys,Heap,D,"A heap is a specialized tree-based data structure that satisfies the heap property, and it's not typically used for representing sparse matrices.",Data Structures and Algorithms,Data Structures
84,"In cabinet projection, what is the projected length of the lines that are perpendicular to the viewing plane?",Same length as the original,Double the length of the original,Half the length of the original,Projected length does not depend on the original length.,C,"In cabinet projection, lines perpendicular to the viewing plane are foreshortened to half their original length.",Programming Languages and Computer Graphics,"3-D Object Representation, Geometric Transformations and Viewing"
85,Which of the following is an example of LL(1) grammar?,S ‚Üí xSyS / ySxS / Œµ,"S ‚Üí xXYy
X ‚Üí Œ± /Œµ
Y ‚Üí Œ≤ /Œµ","S ‚Üí X /Œ¥
X ‚Üí Œ¥","S ‚Üí xXx / Œµ
X ‚Üí xyS / Œµ",B,"Option B represents an LL(1) grammar because it can be parsed by an LL(1) parser without any conflicts. LL(1) grammars have the property that for each non-terminal and lookahead symbol, there is at most one production that can be applied.",Theory of Computation and Compilers,Syntax Analysis
86,Write down the sequence of steps to be taken in designing a fuzzy Logic Controller.,Defuzzification ‚Üí Rule evaluation ‚Üí Fuzzification.,Fuzzy sets ‚Üí Defuzzification ‚Üí Rule evaluation.,Fuzzification ‚Üí Rule evaluation ‚Üí Defuzzification.,Rule evaluation ‚Üí Fuzzification ‚Üí Defuzzification.,C,"The correct sequence for designing a fuzzy logic controller is Fuzzification, Rule evaluation, and then Defuzzification.",Artificial Intelligence (AI),Fuzzy Sets
87,Which of the following cryptographic methods provides perfect security?,Rotor Machine,One-time Pad Cipher,Hill Cipher,Playfair Cipher,B,"The One-time Pad Cipher provides perfect security if used correctly, as each key is used only once and is as long as the message itself.",Data Communication and Computer Networks,Network Security
88,Which of the following is not a public-key cryptography scheme?,RSA,Diffie-Hellman Key Exchange,DSS,AES,D,"AES (Advanced Encryption Standard) is a symmetric-key algorithm, not a public-key cryptography scheme.",Data Communication and Computer Networks,Network Security
89,"Consider the augmented grammar given below:
S' ‚Üí S
S ‚Üí L = R / R
L ‚Üí * R / id
R ‚Üí L
Let I‚ÇÄ = CLOSURE ({[S' ‚Üí ‚Ä¢ S]}). The number of items in the set GOTO (I‚ÇÄ, +) is",1,2,3,4,A,"There seems to be a typo in the question. The set GOTO(I‚ÇÄ, +) doesn't make sense because '+' is not a valid grammar symbol in the given grammar. However, if we assume the intended question is about GOTO(I‚ÇÄ, ‚Ä¢) or any other valid symbol, we can still reason about the answer.

In LR parsing, GOTO(I, X) where I is a set of items and X is a grammar symbol, represents the set of items that are valid after reading X from a state represented by I. Since there's no '+' symbol in any production of the grammar, GOTO(I‚ÇÄ, +) would likely result in an empty set or an error state, depending on the specific LR parsing algorithm implementation. Thus, the number of items would be 0 or undefined. If we consider other valid symbols the number of items would be greater than 0, but since '+' is provided, we can assume the closest related concept is that it should yield an empty set.

If the question meant GOTO(I‚ÇÄ, L) or GOTO(I‚ÇÄ, R) then the answer would differ.

Without further clarification, the most fitting answer based on the provided information is 1 (assuming it represents an error state or an extremely small set).",Theory of Computation and Compilers,Syntax Analysis
